<?xml version = '1.0' encoding = 'UTF-8'?>
<Entity class="oracle.dbtools.crest.model.design.logical.Entity" directorySegmentName="seg_0" id="3DD5EB4B-0477-FDE9-5D40-D1F5A0EB8D94" name="Document">
<createdBy>ailae</createdBy>
<createdTime>2015-04-22 18:57:38 UTC</createdTime>
<ownerDesignName>DM_logical</ownerDesignName>
<engineerTo>
<item key="C90B78CC-A447-2D41-2B67-2895FDFF443F" value="true"/>
</engineerTo>
<adequatelyNormalized>NO</adequatelyNormalized>
<expectedVolumes>0</expectedVolumes>
<fwdEngineeringStrategyName>Single Table</fwdEngineeringStrategyName>
<growthPercent>0</growthPercent>
<growthType>Year</growthType>
<maxVolumes>9999999</maxVolumes>
<minVolumes>0</minVolumes>
<normalForm>Third</normalForm>
<attributes itemClass="oracle.dbtools.crest.model.design.logical.Attribute">
<Attribute name="document_id" id="049A919B-5B6F-3A02-BF71-510B14EB9FC3">
<createdBy>ailae</createdBy>
<createdTime>2015-04-22 18:57:49 UTC</createdTime>
<ownerDesignName>DM_logical</ownerDesignName>
<engineerTo>
<item key="C90B78CC-A447-2D41-2B67-2895FDFF443F" value="true"/>
</engineerTo>
<useDomainConstraints>false</useDomainConstraints>
<use>1</use>
<logicalDatatype>LOGDT011</logicalDatatype>
</Attribute>
<Attribute name="filename" id="667C038D-2AF2-A8D1-2EB1-FD574B3F9C91">
<createdBy>ailae</createdBy>
<createdTime>2015-04-22 18:58:03 UTC</createdTime>
<ownerDesignName>DM_logical</ownerDesignName>
<engineerTo>
<item key="C90B78CC-A447-2D41-2B67-2895FDFF443F" value="true"/>
</engineerTo>
<nullsAllowed>true</nullsAllowed>
<useDomainConstraints>false</useDomainConstraints>
<use>1</use>
<logicalDatatype>LOGDT024</logicalDatatype>
<dataTypeSize>4000 BYTE</dataTypeSize>
</Attribute>
<Attribute name="file_mimetype" id="FF9B146D-43BA-C14F-CFD9-DAB42C07DB99">
<createdBy>ailae</createdBy>
<createdTime>2015-04-22 18:58:12 UTC</createdTime>
<ownerDesignName>DM_logical</ownerDesignName>
<engineerTo>
<item key="C90B78CC-A447-2D41-2B67-2895FDFF443F" value="true"/>
</engineerTo>
<nullsAllowed>true</nullsAllowed>
<useDomainConstraints>false</useDomainConstraints>
<use>1</use>
<logicalDatatype>LOGDT024</logicalDatatype>
<dataTypeSize>512</dataTypeSize>
</Attribute>
<Attribute name="file_charset" id="0A2210DC-550F-59B1-9A6C-0CCA007545C0">
<createdBy>ailae</createdBy>
<createdTime>2015-04-22 18:58:34 UTC</createdTime>
<ownerDesignName>DM_logical</ownerDesignName>
<engineerTo>
<item key="C90B78CC-A447-2D41-2B67-2895FDFF443F" value="true"/>
</engineerTo>
<nullsAllowed>true</nullsAllowed>
<useDomainConstraints>false</useDomainConstraints>
<use>1</use>
<logicalDatatype>LOGDT024</logicalDatatype>
<dataTypeSize>512</dataTypeSize>
</Attribute>
<Attribute name="file_data" id="700598C3-CD0D-331F-6EEF-A1C76F9AF5E4">
<createdBy>ailae</createdBy>
<createdTime>2015-04-22 18:59:12 UTC</createdTime>
<ownerDesignName>DM_logical</ownerDesignName>
<engineerTo>
<item key="C90B78CC-A447-2D41-2B67-2895FDFF443F" value="true"/>
</engineerTo>
<nullsAllowed>true</nullsAllowed>
<useDomainConstraints>false</useDomainConstraints>
<use>1</use>
<logicalDatatype>LOGDT029</logicalDatatype>
</Attribute>
<Attribute name="file_comments" id="3D2C1E23-F7E0-C986-7342-6C80D86149D6">
<createdBy>ailae</createdBy>
<createdTime>2015-04-22 18:59:20 UTC</createdTime>
<ownerDesignName>DM_logical</ownerDesignName>
<engineerTo>
<item key="C90B78CC-A447-2D41-2B67-2895FDFF443F" value="true"/>
</engineerTo>
<nullsAllowed>true</nullsAllowed>
<useDomainConstraints>false</useDomainConstraints>
<use>1</use>
<logicalDatatype>LOGDT024</logicalDatatype>
<dataTypeSize>4000</dataTypeSize>
</Attribute>
<Attribute name="tags" id="E07FFC90-C955-7C07-30F8-7D4925310249">
<createdBy>ailae</createdBy>
<createdTime>2015-04-22 18:59:36 UTC</createdTime>
<ownerDesignName>DM_logical</ownerDesignName>
<engineerTo>
<item key="C90B78CC-A447-2D41-2B67-2895FDFF443F" value="true"/>
</engineerTo>
<nullsAllowed>true</nullsAllowed>
<useDomainConstraints>false</useDomainConstraints>
<use>1</use>
<logicalDatatype>LOGDT024</logicalDatatype>
<dataTypeSize>4000</dataTypeSize>
</Attribute>
<Attribute name="member_id" id="55F90CE0-FD7A-07C1-BD18-769F37FBF732">
<createdBy>ailae</createdBy>
<createdTime>2015-04-22 19:00:29 UTC</createdTime>
<generatorID>77A255D1-B82D-B022-54EA-47CE0A321F0E</generatorID>
<ownerDesignName>DM_logical</ownerDesignName>
<engineerTo>
<item key="C90B78CC-A447-2D41-2B67-2895FDFF443F" value="true"/>
</engineerTo>
<nullsAllowed>true</nullsAllowed>
<referedAttribute>4D04D38E-A973-C88C-0BE3-514F7E673D57</referedAttribute>
<useDomainConstraints>false</useDomainConstraints>
<use>1</use>
<logicalDatatype>LOGDT011</logicalDatatype>
</Attribute>
</attributes>
<identifiers itemClass="oracle.dbtools.crest.model.design.logical.CandidateKey">
<identifier id="550C956C-F771-152C-E056-B098AF2CA79B" name="{entity} PK">
<createdBy>ailae</createdBy>
<createdTime>2015-04-22 18:59:51 UTC</createdTime>
<ownerDesignName>DM_logical</ownerDesignName>
<engineerTo>
<item key="C90B78CC-A447-2D41-2B67-2895FDFF443F" value="true"/>
</engineerTo>
<pk>true</pk>
<usedAttributes>
<attributeRef>049A919B-5B6F-3A02-BF71-510B14EB9FC3</attributeRef>
</usedAttributes>
</identifier>
</identifiers>
</Entity>