<?xml version = '1.0' encoding = 'UTF-8'?>
<Entity class="oracle.dbtools.crest.model.design.logical.Entity" directorySegmentName="seg_0" id="6C61E913-A268-8D92-EA60-6507EBED41BF" name="Notice_Lists">
<createdBy>ailae</createdBy>
<createdTime>2015-04-21 21:25:51 UTC</createdTime>
<ownerDesignName>DM_logical</ownerDesignName>
<engineerTo>
<item key="E049BB96-11D6-9EF0-1E31-A099369980BE" value="true"/>
</engineerTo>
<adequatelyNormalized>NO</adequatelyNormalized>
<expectedVolumes>0</expectedVolumes>
<fwdEngineeringStrategyName>Single Table</fwdEngineeringStrategyName>
<growthPercent>0</growthPercent>
<growthType>Year</growthType>
<maxVolumes>9999999</maxVolumes>
<minVolumes>0</minVolumes>
<normalForm>Third</normalForm>
<attributes itemClass="oracle.dbtools.crest.model.design.logical.Attribute">
<Attribute name="seq_id" id="6AEC236A-1D94-175F-1431-8096E3E15CAA">
<createdBy>ailae</createdBy>
<createdTime>2015-04-21 21:26:54 UTC</createdTime>
<ownerDesignName>DM_logical</ownerDesignName>
<engineerTo>
<item key="E049BB96-11D6-9EF0-1E31-A099369980BE" value="true"/>
</engineerTo>
<useDomainConstraints>false</useDomainConstraints>
<use>1</use>
<logicalDatatype>LOGDT011</logicalDatatype>
</Attribute>
<Attribute name="name" id="D34EE6A9-980A-0B55-9804-96F11C882AAC">
<createdBy>ailae</createdBy>
<createdTime>2015-04-21 21:27:01 UTC</createdTime>
<ownerDesignName>DM_logical</ownerDesignName>
<engineerTo>
<item key="E049BB96-11D6-9EF0-1E31-A099369980BE" value="true"/>
</engineerTo>
<nullsAllowed>true</nullsAllowed>
<useDomainConstraints>false</useDomainConstraints>
<use>1</use>
<logicalDatatype>LOGDT024</logicalDatatype>
<dataTypeSize>40</dataTypeSize>
</Attribute>
<Attribute name="ownership_div_code" id="1A698C56-3150-348D-18E2-AB692C61B56D">
<createdBy>ailae</createdBy>
<createdTime>2015-04-21 21:27:16 UTC</createdTime>
<ownerDesignName>DM_logical</ownerDesignName>
<engineerTo>
<item key="E049BB96-11D6-9EF0-1E31-A099369980BE" value="true"/>
</engineerTo>
<nullsAllowed>true</nullsAllowed>
<useDomainConstraints>false</useDomainConstraints>
<use>1</use>
<logicalDatatype>LOGDT024</logicalDatatype>
<dataTypeSize>4</dataTypeSize>
</Attribute>
<Attribute name="description" id="1579D8A9-F473-3205-4CB9-06CB7BDC6848">
<createdBy>ailae</createdBy>
<createdTime>2015-04-21 21:27:28 UTC</createdTime>
<ownerDesignName>DM_logical</ownerDesignName>
<engineerTo>
<item key="E049BB96-11D6-9EF0-1E31-A099369980BE" value="true"/>
</engineerTo>
<nullsAllowed>true</nullsAllowed>
<useDomainConstraints>false</useDomainConstraints>
<use>1</use>
<logicalDatatype>LOGDT024</logicalDatatype>
<dataTypeSize>3500</dataTypeSize>
</Attribute>
<Attribute name="external_view_name" id="D427C561-E5EA-03EF-AAC0-BC00A212BAD3">
<createdBy>ailae</createdBy>
<createdTime>2015-04-21 21:27:45 UTC</createdTime>
<ownerDesignName>DM_logical</ownerDesignName>
<engineerTo>
<item key="E049BB96-11D6-9EF0-1E31-A099369980BE" value="true"/>
</engineerTo>
<nullsAllowed>true</nullsAllowed>
<useDomainConstraints>false</useDomainConstraints>
<use>1</use>
<logicalDatatype>LOGDT024</logicalDatatype>
<dataTypeSize>50</dataTypeSize>
</Attribute>
<Attribute name="creation_date" id="E431320E-95BA-ED77-C65B-8709037B06ED">
<createdBy>ailae</createdBy>
<createdTime>2015-04-21 21:28:08 UTC</createdTime>
<ownerDesignName>DM_logical</ownerDesignName>
<engineerTo>
<item key="E049BB96-11D6-9EF0-1E31-A099369980BE" value="true"/>
</engineerTo>
<nullsAllowed>true</nullsAllowed>
<useDomainConstraints>false</useDomainConstraints>
<use>1</use>
<logicalDatatype>LOGDT007</logicalDatatype>
</Attribute>
<Attribute name="status" id="2301329A-6DFE-BBA4-E286-DA60A09450DF">
<createdBy>ailae</createdBy>
<createdTime>2015-04-21 21:28:17 UTC</createdTime>
<ownerDesignName>DM_logical</ownerDesignName>
<engineerTo>
<item key="E049BB96-11D6-9EF0-1E31-A099369980BE" value="true"/>
</engineerTo>
<nullsAllowed>true</nullsAllowed>
<useDomainConstraints>false</useDomainConstraints>
<use>1</use>
<logicalDatatype>LOGDT024</logicalDatatype>
<dataTypeSize>1</dataTypeSize>
</Attribute>
<Attribute name="status_eff_date" id="F3BA652B-0590-3F41-1E42-7897A5032F83">
<createdBy>ailae</createdBy>
<createdTime>2015-04-21 21:28:34 UTC</createdTime>
<ownerDesignName>DM_logical</ownerDesignName>
<engineerTo>
<item key="E049BB96-11D6-9EF0-1E31-A099369980BE" value="true"/>
</engineerTo>
<nullsAllowed>true</nullsAllowed>
<useDomainConstraints>false</useDomainConstraints>
<use>1</use>
<logicalDatatype>LOGDT007</logicalDatatype>
</Attribute>
</attributes>
<identifiers itemClass="oracle.dbtools.crest.model.design.logical.CandidateKey">
<identifier id="B405FFB3-580A-DF91-BFA5-F2D5358F6E73" name="{entity} PK">
<createdBy>ailae</createdBy>
<createdTime>2015-04-21 21:27:48 UTC</createdTime>
<ownerDesignName>DM_logical</ownerDesignName>
<engineerTo>
<item key="E049BB96-11D6-9EF0-1E31-A099369980BE" value="true"/>
</engineerTo>
<pk>true</pk>
<usedAttributes>
<attributeRef>6AEC236A-1D94-175F-1431-8096E3E15CAA</attributeRef>
</usedAttributes>
</identifier>
</identifiers>
</Entity>