<?xml version = '1.0' encoding = 'UTF-8'?>
<Entity class="oracle.dbtools.crest.model.design.logical.Entity" directorySegmentName="seg_0" id="F7CC1D94-5DC9-FC9B-6CDA-E1B376F9A681" name="Active_Employees">
<createdBy>ailae</createdBy>
<createdTime>2015-04-21 21:14:06 UTC</createdTime>
<ownerDesignName>DM_logical</ownerDesignName>
<engineerTo>
<item key="E049BB96-11D6-9EF0-1E31-A099369980BE" value="true"/>
</engineerTo>
<adequatelyNormalized>NO</adequatelyNormalized>
<expectedVolumes>0</expectedVolumes>
<fwdEngineeringStrategyName>Single Table</fwdEngineeringStrategyName>
<growthPercent>0</growthPercent>
<growthType>Year</growthType>
<maxVolumes>9999999</maxVolumes>
<minVolumes>0</minVolumes>
<normalForm>Third</normalForm>
<attributes itemClass="oracle.dbtools.crest.model.design.logical.Attribute">
<Attribute name="employee_id" id="A1A89656-A34C-0D70-B80C-347ED1AA9C5C">
<createdBy>ailae</createdBy>
<createdTime>2015-04-21 21:23:04 UTC</createdTime>
<ownerDesignName>DM_logical</ownerDesignName>
<engineerTo>
<item key="E049BB96-11D6-9EF0-1E31-A099369980BE" value="true"/>
</engineerTo>
<useDomainConstraints>false</useDomainConstraints>
<use>1</use>
<logicalDatatype>LOGDT011</logicalDatatype>
</Attribute>
<Attribute name="name" id="2642C1C3-3CFB-BE46-8C51-CD280196B8D7">
<createdBy>ailae</createdBy>
<createdTime>2015-04-21 21:23:14 UTC</createdTime>
<ownerDesignName>DM_logical</ownerDesignName>
<engineerTo>
<item key="E049BB96-11D6-9EF0-1E31-A099369980BE" value="true"/>
</engineerTo>
<nullsAllowed>true</nullsAllowed>
<useDomainConstraints>false</useDomainConstraints>
<use>1</use>
<logicalDatatype>LOGDT024</logicalDatatype>
<dataTypeSize>30</dataTypeSize>
</Attribute>
<Attribute name="lab" id="BDE1DBA9-8A30-133D-562E-EE3D1B0B0BA6">
<createdBy>ailae</createdBy>
<createdTime>2015-04-21 21:23:34 UTC</createdTime>
<ownerDesignName>DM_logical</ownerDesignName>
<engineerTo>
<item key="E049BB96-11D6-9EF0-1E31-A099369980BE" value="true"/>
</engineerTo>
<nullsAllowed>true</nullsAllowed>
<useDomainConstraints>false</useDomainConstraints>
<use>1</use>
<logicalDatatype>LOGDT024</logicalDatatype>
<dataTypeSize>4</dataTypeSize>
</Attribute>
<Attribute name="division" id="4D7A36AB-3F97-330F-F578-09312728B86C">
<createdBy>ailae</createdBy>
<createdTime>2015-04-21 21:23:45 UTC</createdTime>
<ownerDesignName>DM_logical</ownerDesignName>
<engineerTo>
<item key="E049BB96-11D6-9EF0-1E31-A099369980BE" value="true"/>
</engineerTo>
<nullsAllowed>true</nullsAllowed>
<useDomainConstraints>false</useDomainConstraints>
<use>1</use>
<logicalDatatype>LOGDT024</logicalDatatype>
<dataTypeSize>4</dataTypeSize>
</Attribute>
<Attribute name="status" id="C1FD5460-B418-DA53-E46D-0532F1D6FB9C">
<createdBy>ailae</createdBy>
<createdTime>2015-04-21 21:23:57 UTC</createdTime>
<ownerDesignName>DM_logical</ownerDesignName>
<engineerTo>
<item key="E049BB96-11D6-9EF0-1E31-A099369980BE" value="true"/>
</engineerTo>
<nullsAllowed>true</nullsAllowed>
<useDomainConstraints>false</useDomainConstraints>
<use>1</use>
<logicalDatatype>LOGDT024</logicalDatatype>
<dataTypeSize>1</dataTypeSize>
</Attribute>
<Attribute name="status_eff_date" id="1EE647E1-DC78-05A5-6DD0-571CCC92DB07">
<createdBy>ailae</createdBy>
<createdTime>2015-04-21 21:24:08 UTC</createdTime>
<ownerDesignName>DM_logical</ownerDesignName>
<engineerTo>
<item key="E049BB96-11D6-9EF0-1E31-A099369980BE" value="true"/>
</engineerTo>
<nullsAllowed>true</nullsAllowed>
<useDomainConstraints>false</useDomainConstraints>
<use>1</use>
<logicalDatatype>LOGDT007</logicalDatatype>
</Attribute>
<Attribute name="admin" id="84043846-5794-0C71-D0E6-4C9F8460E1C5">
<createdBy>ailae</createdBy>
<createdTime>2015-04-21 21:24:18 UTC</createdTime>
<ownerDesignName>DM_logical</ownerDesignName>
<engineerTo>
<item key="E049BB96-11D6-9EF0-1E31-A099369980BE" value="true"/>
</engineerTo>
<nullsAllowed>true</nullsAllowed>
<useDomainConstraints>false</useDomainConstraints>
<use>1</use>
<logicalDatatype>LOGDT006</logicalDatatype>
</Attribute>
<Attribute name="network_account_id" id="82DDDCE6-DA3B-52D5-98C5-32490612FDAB">
<createdBy>ailae</createdBy>
<createdTime>2015-04-21 21:37:17 UTC</createdTime>
<ownerDesignName>DM_logical</ownerDesignName>
<engineerTo>
<item key="E049BB96-11D6-9EF0-1E31-A099369980BE" value="true"/>
</engineerTo>
<nullsAllowed>true</nullsAllowed>
<useDomainConstraints>false</useDomainConstraints>
<use>1</use>
<logicalDatatype>LOGDT011</logicalDatatype>
</Attribute>
</attributes>
<identifiers itemClass="oracle.dbtools.crest.model.design.logical.CandidateKey">
<identifier id="40D9D29A-23FF-9EB1-DB55-40B90BB0091B" name="{entity} PK">
<createdBy>ailae</createdBy>
<createdTime>2015-04-21 21:23:13 UTC</createdTime>
<ownerDesignName>DM_logical</ownerDesignName>
<engineerTo>
<item key="E049BB96-11D6-9EF0-1E31-A099369980BE" value="true"/>
</engineerTo>
<pk>true</pk>
<usedAttributes>
<attributeRef>A1A89656-A34C-0D70-B80C-347ED1AA9C5C</attributeRef>
</usedAttributes>
</identifier>
</identifiers>
</Entity>