<?xml version = '1.0' encoding = 'UTF-8'?>
<Entity class="oracle.dbtools.crest.model.design.logical.Entity" directorySegmentName="seg_0" id="FE20D55C-F0BB-6C1A-8AD9-261488E746EB" name="NL_Members">
<createdBy>ailae</createdBy>
<createdTime>2015-04-21 21:29:27 UTC</createdTime>
<ownerDesignName>DM_logical</ownerDesignName>
<adequatelyNormalized>NO</adequatelyNormalized>
<expectedVolumes>0</expectedVolumes>
<fwdEngineeringStrategyName>Single Table</fwdEngineeringStrategyName>
<growthPercent>0</growthPercent>
<growthType>Year</growthType>
<maxVolumes>9999999</maxVolumes>
<minVolumes>0</minVolumes>
<normalForm>Third</normalForm>
<attributes itemClass="oracle.dbtools.crest.model.design.logical.Attribute">
<Attribute name="member_id" id="4D04D38E-A973-C88C-0BE3-514F7E673D57">
<createdBy>ailae</createdBy>
<createdTime>2015-04-21 21:29:36 UTC</createdTime>
<ownerDesignName>DM_logical</ownerDesignName>
<useDomainConstraints>false</useDomainConstraints>
<use>1</use>
<logicalDatatype>LOGDT011</logicalDatatype>
</Attribute>
<Attribute name="date_added" id="2A2B80B7-ED36-A615-A8CE-5A6EFBA6BD07">
<createdBy>ailae</createdBy>
<createdTime>2015-04-21 21:29:47 UTC</createdTime>
<ownerDesignName>DM_logical</ownerDesignName>
<nullsAllowed>true</nullsAllowed>
<useDomainConstraints>false</useDomainConstraints>
<use>1</use>
<logicalDatatype>LOGDT007</logicalDatatype>
</Attribute>
<Attribute name="list_seq_id" id="EFA558C5-9596-3096-B131-38C1C0DEBF13">
<createdBy>ailae</createdBy>
<createdTime>2015-04-28 03:14:48 UTC</createdTime>
<ownerDesignName>DM_logical</ownerDesignName>
<nullsAllowed>true</nullsAllowed>
<useDomainConstraints>false</useDomainConstraints>
<use>1</use>
<logicalDatatype>LOGDT011</logicalDatatype>
</Attribute>
<Attribute name="seq_id" id="C60C97F7-9B49-92F9-67B1-E3978091FAA8">
<createdBy>ailae</createdBy>
<createdTime>2015-04-21 21:32:18 UTC</createdTime>
<generatorID>0B44E3B0-A66A-2A27-DE92-C70E65CF6D00</generatorID>
<ownerDesignName>DM_logical</ownerDesignName>
<nullsAllowed>true</nullsAllowed>
<referedAttribute>6AEC236A-1D94-175F-1431-8096E3E15CAA</referedAttribute>
<useDomainConstraints>false</useDomainConstraints>
<use>1</use>
<logicalDatatype>LOGDT011</logicalDatatype>
</Attribute>
<Attribute name="employee_id" id="58C36B18-014D-1AC6-08D3-6526ECF9DAE1">
<createdBy>ailae</createdBy>
<createdTime>2015-04-21 21:32:29 UTC</createdTime>
<generatorID>68E87714-A658-096B-5752-108EA6C07EF2</generatorID>
<ownerDesignName>DM_logical</ownerDesignName>
<nullsAllowed>true</nullsAllowed>
<referedAttribute>A1A89656-A34C-0D70-B80C-347ED1AA9C5C</referedAttribute>
<useDomainConstraints>false</useDomainConstraints>
<use>1</use>
<logicalDatatype>LOGDT011</logicalDatatype>
</Attribute>
</attributes>
<identifiers itemClass="oracle.dbtools.crest.model.design.logical.CandidateKey">
<identifier id="C1B3194D-1CE6-ABDD-00DE-90C3147854F3" name="{entity} PK">
<createdBy>ailae</createdBy>
<createdTime>2015-04-21 21:30:03 UTC</createdTime>
<ownerDesignName>DM_logical</ownerDesignName>
<pk>true</pk>
<usedAttributes>
<attributeRef>4D04D38E-A973-C88C-0BE3-514F7E673D57</attributeRef>
</usedAttributes>
</identifier>
</identifiers>
</Entity>