<?xml version = '1.0' encoding = 'UTF-8'?>
<Table class="oracle.dbtools.crest.model.design.relational.Table" directorySegmentName="seg_0" id="04C2B46A-C2CE-A36A-F34E-FC51F85EA7F0" name="Document">
<createdBy>ailae</createdBy>
<createdTime>2015-04-22 19:12:24 UTC</createdTime>
<generatorID>3DD5EB4B-0477-FDE9-5D40-D1F5A0EB8D94</generatorID>
<ownerDesignName>DM_logical</ownerDesignName>
<allowColumnReorder>false</allowColumnReorder>
<existDependencyGenerateInDDl>true</existDependencyGenerateInDDl>
<columns itemClass="oracle.dbtools.crest.model.design.relational.Column">
<Column name="document_id" id="6B50B966-50E2-79A7-3EDF-F38EC7A76E59">
<createdBy>ailae</createdBy>
<createdTime>2015-04-22 19:12:24 UTC</createdTime>
<generatorID>049A919B-5B6F-3A02-BF71-510B14EB9FC3</generatorID>
<ownerDesignName>DM_logical</ownerDesignName>
<useDomainConstraints>false</useDomainConstraints>
<use>1</use>
<logicalDatatype>LOGDT011</logicalDatatype>
<autoIncrementCycle>false</autoIncrementCycle>
</Column>
<Column name="filename" id="F23FF7E3-1378-6C82-3556-7E4B8A24CB34">
<createdBy>ailae</createdBy>
<createdTime>2015-04-22 19:12:24 UTC</createdTime>
<generatorID>667C038D-2AF2-A8D1-2EB1-FD574B3F9C91</generatorID>
<ownerDesignName>DM_logical</ownerDesignName>
<nullsAllowed>true</nullsAllowed>
<useDomainConstraints>false</useDomainConstraints>
<use>1</use>
<logicalDatatype>LOGDT024</logicalDatatype>
<dataTypeSize>4000 BYTE</dataTypeSize>
<autoIncrementCycle>false</autoIncrementCycle>
</Column>
<Column name="file_mimetype" id="A8375352-4117-C69B-7A40-4306409A345A">
<createdBy>ailae</createdBy>
<createdTime>2015-04-22 19:12:24 UTC</createdTime>
<generatorID>FF9B146D-43BA-C14F-CFD9-DAB42C07DB99</generatorID>
<ownerDesignName>DM_logical</ownerDesignName>
<nullsAllowed>true</nullsAllowed>
<useDomainConstraints>false</useDomainConstraints>
<use>1</use>
<logicalDatatype>LOGDT024</logicalDatatype>
<dataTypeSize>512</dataTypeSize>
<autoIncrementCycle>false</autoIncrementCycle>
</Column>
<Column name="file_charset" id="38927A36-77C5-AFDA-65E1-95B2AA77B587">
<createdBy>ailae</createdBy>
<createdTime>2015-04-22 19:12:24 UTC</createdTime>
<generatorID>0A2210DC-550F-59B1-9A6C-0CCA007545C0</generatorID>
<ownerDesignName>DM_logical</ownerDesignName>
<nullsAllowed>true</nullsAllowed>
<useDomainConstraints>false</useDomainConstraints>
<use>1</use>
<logicalDatatype>LOGDT024</logicalDatatype>
<dataTypeSize>512</dataTypeSize>
<autoIncrementCycle>false</autoIncrementCycle>
</Column>
<Column name="file_data" id="E1ADF625-4794-0619-3A0A-DB6CC6218F7D">
<createdBy>ailae</createdBy>
<createdTime>2015-04-22 19:12:24 UTC</createdTime>
<generatorID>700598C3-CD0D-331F-6EEF-A1C76F9AF5E4</generatorID>
<ownerDesignName>DM_logical</ownerDesignName>
<nullsAllowed>true</nullsAllowed>
<useDomainConstraints>false</useDomainConstraints>
<use>1</use>
<logicalDatatype>LOGDT029</logicalDatatype>
<autoIncrementCycle>false</autoIncrementCycle>
</Column>
<Column name="file_comments" id="012C2255-2D0D-B016-9EE5-4C3135D123EF">
<createdBy>ailae</createdBy>
<createdTime>2015-04-22 19:12:24 UTC</createdTime>
<generatorID>3D2C1E23-F7E0-C986-7342-6C80D86149D6</generatorID>
<ownerDesignName>DM_logical</ownerDesignName>
<nullsAllowed>true</nullsAllowed>
<useDomainConstraints>false</useDomainConstraints>
<use>1</use>
<logicalDatatype>LOGDT024</logicalDatatype>
<dataTypeSize>4000</dataTypeSize>
<autoIncrementCycle>false</autoIncrementCycle>
</Column>
<Column name="tags" id="378F3519-F25D-4470-E683-F20261D492E4">
<createdBy>ailae</createdBy>
<createdTime>2015-04-22 19:12:24 UTC</createdTime>
<generatorID>E07FFC90-C955-7C07-30F8-7D4925310249</generatorID>
<ownerDesignName>DM_logical</ownerDesignName>
<nullsAllowed>true</nullsAllowed>
<useDomainConstraints>false</useDomainConstraints>
<use>1</use>
<logicalDatatype>LOGDT024</logicalDatatype>
<dataTypeSize>4000</dataTypeSize>
<autoIncrementCycle>false</autoIncrementCycle>
</Column>
<Column name="NL_Members_member_id" id="C235EE1B-50C7-F35C-2508-D134EC161A84">
<createdBy>ailae</createdBy>
<createdTime>2015-04-22 19:12:24 UTC</createdTime>
<generatorID>55F90CE0-FD7A-07C1-BD18-769F37FBF732</generatorID>
<ownerDesignName>DM_logical</ownerDesignName>
<nullsAllowed>true</nullsAllowed>
<useDomainConstraints>false</useDomainConstraints>
<use>1</use>
<logicalDatatype>LOGDT011</logicalDatatype>
<delegate>69AFB13E-B943-1195-AA3B-8C7C1CC09D4F</delegate>
<previousColumn>false</previousColumn>
<autoIncrementCycle>false</autoIncrementCycle>
<associations>
<colAssociation fkAssociation="8ABFF791-07AE-4566-3D36-89042E90FDFC" referredColumn="69AFB13E-B943-1195-AA3B-8C7C1CC09D4F"/>
</associations>
</Column>
</columns>
<indexes itemClass="oracle.dbtools.crest.model.design.relational.Index">
<ind_PK_UK id="F8BE89CF-BB55-441C-BA59-4592DCEA9191" name="Document_PK">
<createdBy>ailae</createdBy>
<createdTime>2015-04-22 19:12:24 UTC</createdTime>
<generatorID>550C956C-F771-152C-E056-B098AF2CA79B</generatorID>
<ownerDesignName>DM_logical</ownerDesignName>
<pk>true</pk>
<indexState>Primary Constraint</indexState>
<isSurrogateKey>false</isSurrogateKey>
<indexColumnUsage>
<colUsage columnID="6B50B966-50E2-79A7-3EDF-F38EC7A76E59"/>
</indexColumnUsage>
</ind_PK_UK>
<ind_PK_UK id="3B61F5B6-3B5E-1DD1-FFBE-BB7E433FE273" name="Document_NL_Members_FK">
<createdBy>ailae</createdBy>
<createdTime>2015-04-22 19:12:24 UTC</createdTime>
<generatorID>77A255D1-B82D-B022-54EA-47CE0A321F0E</generatorID>
<ownerDesignName>DM_logical</ownerDesignName>
<indexState>Foreign Key</indexState>
<isSurrogateKey>false</isSurrogateKey>
<indexColumnUsage>
<colUsage columnID="C235EE1B-50C7-F35C-2508-D134EC161A84"/>
</indexColumnUsage>
</ind_PK_UK>
</indexes>
</Table>