<?xml version = '1.0' encoding = 'UTF-8'?>
<Table class="oracle.dbtools.crest.model.design.relational.Table" directorySegmentName="seg_0" id="45D6FF1E-55C4-6C21-9771-7C2B348162CE" name="NL_Members">
<createdBy>ailae</createdBy>
<createdTime>2015-04-22 19:12:24 UTC</createdTime>
<generatorID>FE20D55C-F0BB-6C1A-8AD9-261488E746EB</generatorID>
<ownerDesignName>DM_logical</ownerDesignName>
<allowColumnReorder>false</allowColumnReorder>
<existDependencyGenerateInDDl>true</existDependencyGenerateInDDl>
<columns itemClass="oracle.dbtools.crest.model.design.relational.Column">
<Column name="member_id" id="69AFB13E-B943-1195-AA3B-8C7C1CC09D4F">
<createdBy>ailae</createdBy>
<createdTime>2015-04-22 19:12:24 UTC</createdTime>
<generatorID>4D04D38E-A973-C88C-0BE3-514F7E673D57</generatorID>
<ownerDesignName>DM_logical</ownerDesignName>
<useDomainConstraints>false</useDomainConstraints>
<use>1</use>
<logicalDatatype>LOGDT011</logicalDatatype>
<autoIncrementCycle>false</autoIncrementCycle>
</Column>
<Column name="date_added" id="5D7C201A-3483-068E-355A-C121723E330E">
<createdBy>ailae</createdBy>
<createdTime>2015-04-22 19:12:24 UTC</createdTime>
<generatorID>2A2B80B7-ED36-A615-A8CE-5A6EFBA6BD07</generatorID>
<ownerDesignName>DM_logical</ownerDesignName>
<nullsAllowed>true</nullsAllowed>
<useDomainConstraints>false</useDomainConstraints>
<use>1</use>
<logicalDatatype>LOGDT007</logicalDatatype>
<autoIncrementCycle>false</autoIncrementCycle>
</Column>
<Column name="Notice_Lists_seq_id" id="BA59EBAD-6EC3-9DD2-F07E-947F17783BFD">
<createdBy>ailae</createdBy>
<createdTime>2015-04-22 19:12:24 UTC</createdTime>
<generatorID>C60C97F7-9B49-92F9-67B1-E3978091FAA8</generatorID>
<ownerDesignName>DM_logical</ownerDesignName>
<nullsAllowed>true</nullsAllowed>
<useDomainConstraints>false</useDomainConstraints>
<use>1</use>
<logicalDatatype>LOGDT011</logicalDatatype>
<delegate>FEF9A223-68DC-C3E2-D298-44D51A665CF5</delegate>
<previousColumn>false</previousColumn>
<autoIncrementCycle>false</autoIncrementCycle>
<associations>
<colAssociation fkAssociation="AB3D0365-55FF-B554-613B-0E2C20597F91" referredColumn="FEF9A223-68DC-C3E2-D298-44D51A665CF5"/>
</associations>
</Column>
<Column name="Active_Employees_employee_id" id="D14A5326-26B8-9304-3A53-0B15471B90B7">
<createdBy>ailae</createdBy>
<createdTime>2015-04-22 19:12:24 UTC</createdTime>
<generatorID>58C36B18-014D-1AC6-08D3-6526ECF9DAE1</generatorID>
<ownerDesignName>DM_logical</ownerDesignName>
<nullsAllowed>true</nullsAllowed>
<useDomainConstraints>false</useDomainConstraints>
<use>1</use>
<logicalDatatype>LOGDT011</logicalDatatype>
<delegate>37D6DB70-D849-81F2-BA7F-DBDCDEEA005E</delegate>
<previousColumn>false</previousColumn>
<autoIncrementCycle>false</autoIncrementCycle>
<associations>
<colAssociation fkAssociation="C7B4EE02-A227-E7F0-4A55-75699D8D5B76" referredColumn="37D6DB70-D849-81F2-BA7F-DBDCDEEA005E"/>
</associations>
</Column>
</columns>
<indexes itemClass="oracle.dbtools.crest.model.design.relational.Index">
<ind_PK_UK id="97FB6646-3089-14F6-85C2-4CAEACD717A8" name="NL_Members_PK">
<createdBy>ailae</createdBy>
<createdTime>2015-04-22 19:12:24 UTC</createdTime>
<generatorID>C1B3194D-1CE6-ABDD-00DE-90C3147854F3</generatorID>
<ownerDesignName>DM_logical</ownerDesignName>
<pk>true</pk>
<indexState>Primary Constraint</indexState>
<isSurrogateKey>false</isSurrogateKey>
<indexColumnUsage>
<colUsage columnID="69AFB13E-B943-1195-AA3B-8C7C1CC09D4F"/>
</indexColumnUsage>
</ind_PK_UK>
<ind_PK_UK id="85CDBD7C-D3CD-128E-4634-8DCE22BDCB4F" name="NL_Members_Notice_Lists_FK">
<createdBy>ailae</createdBy>
<createdTime>2015-04-22 19:12:24 UTC</createdTime>
<generatorID>0B44E3B0-A66A-2A27-DE92-C70E65CF6D00</generatorID>
<ownerDesignName>DM_logical</ownerDesignName>
<indexState>Foreign Key</indexState>
<isSurrogateKey>false</isSurrogateKey>
<indexColumnUsage>
<colUsage columnID="BA59EBAD-6EC3-9DD2-F07E-947F17783BFD"/>
</indexColumnUsage>
</ind_PK_UK>
<ind_PK_UK id="0D38E711-E8C7-9EA5-8F91-C6C92D6B12A9" name="NL_Members_Active_Employees_FK">
<createdBy>ailae</createdBy>
<createdTime>2015-04-22 19:12:24 UTC</createdTime>
<generatorID>68E87714-A658-096B-5752-108EA6C07EF2</generatorID>
<ownerDesignName>DM_logical</ownerDesignName>
<indexState>Foreign Key</indexState>
<isSurrogateKey>false</isSurrogateKey>
<indexColumnUsage>
<colUsage columnID="D14A5326-26B8-9304-3A53-0B15471B90B7"/>
</indexColumnUsage>
</ind_PK_UK>
</indexes>
</Table>