<?xml version = '1.0' encoding = 'UTF-8'?>
<Table class="oracle.dbtools.crest.model.design.relational.Table" directorySegmentName="seg_0" id="728A65D5-92FD-521F-E069-77D51F4AB8B4" name="Notice_Lists">
<createdBy>ailae</createdBy>
<createdTime>2015-04-22 19:12:24 UTC</createdTime>
<generatorID>6C61E913-A268-8D92-EA60-6507EBED41BF</generatorID>
<ownerDesignName>DM_logical</ownerDesignName>
<allowColumnReorder>false</allowColumnReorder>
<existDependencyGenerateInDDl>true</existDependencyGenerateInDDl>
<columns itemClass="oracle.dbtools.crest.model.design.relational.Column">
<Column name="seq_id" id="FEF9A223-68DC-C3E2-D298-44D51A665CF5">
<createdBy>ailae</createdBy>
<createdTime>2015-04-22 19:12:24 UTC</createdTime>
<generatorID>6AEC236A-1D94-175F-1431-8096E3E15CAA</generatorID>
<ownerDesignName>DM_logical</ownerDesignName>
<useDomainConstraints>false</useDomainConstraints>
<use>1</use>
<logicalDatatype>LOGDT011</logicalDatatype>
<autoIncrementCycle>false</autoIncrementCycle>
</Column>
<Column name="name" id="71938D70-70B2-EC1A-3BFB-034A518017B2">
<createdBy>ailae</createdBy>
<createdTime>2015-04-22 19:12:24 UTC</createdTime>
<generatorID>D34EE6A9-980A-0B55-9804-96F11C882AAC</generatorID>
<ownerDesignName>DM_logical</ownerDesignName>
<nullsAllowed>true</nullsAllowed>
<useDomainConstraints>false</useDomainConstraints>
<use>1</use>
<logicalDatatype>LOGDT024</logicalDatatype>
<dataTypeSize>40</dataTypeSize>
<autoIncrementCycle>false</autoIncrementCycle>
</Column>
<Column name="ownership_div_code" id="00CCE574-BB5C-DAB0-EEDF-DCC293CBBF27">
<createdBy>ailae</createdBy>
<createdTime>2015-04-22 19:12:24 UTC</createdTime>
<generatorID>1A698C56-3150-348D-18E2-AB692C61B56D</generatorID>
<ownerDesignName>DM_logical</ownerDesignName>
<nullsAllowed>true</nullsAllowed>
<useDomainConstraints>false</useDomainConstraints>
<use>1</use>
<logicalDatatype>LOGDT024</logicalDatatype>
<dataTypeSize>4</dataTypeSize>
<autoIncrementCycle>false</autoIncrementCycle>
</Column>
<Column name="description" id="5809C1EF-27FD-04E7-259D-42445A82806B">
<createdBy>ailae</createdBy>
<createdTime>2015-04-22 19:12:24 UTC</createdTime>
<generatorID>1579D8A9-F473-3205-4CB9-06CB7BDC6848</generatorID>
<ownerDesignName>DM_logical</ownerDesignName>
<nullsAllowed>true</nullsAllowed>
<useDomainConstraints>false</useDomainConstraints>
<use>1</use>
<logicalDatatype>LOGDT024</logicalDatatype>
<dataTypeSize>3500</dataTypeSize>
<autoIncrementCycle>false</autoIncrementCycle>
</Column>
<Column name="external_view_name" id="C854A31E-4CBF-1BBE-3A8F-043BEE35859C">
<createdBy>ailae</createdBy>
<createdTime>2015-04-22 19:12:24 UTC</createdTime>
<generatorID>D427C561-E5EA-03EF-AAC0-BC00A212BAD3</generatorID>
<ownerDesignName>DM_logical</ownerDesignName>
<nullsAllowed>true</nullsAllowed>
<useDomainConstraints>false</useDomainConstraints>
<use>1</use>
<logicalDatatype>LOGDT024</logicalDatatype>
<dataTypeSize>50</dataTypeSize>
<autoIncrementCycle>false</autoIncrementCycle>
</Column>
<Column name="creation_date" id="63D85751-B88D-D3DE-9417-7C37C5F7125F">
<createdBy>ailae</createdBy>
<createdTime>2015-04-22 19:12:24 UTC</createdTime>
<generatorID>E431320E-95BA-ED77-C65B-8709037B06ED</generatorID>
<ownerDesignName>DM_logical</ownerDesignName>
<nullsAllowed>true</nullsAllowed>
<useDomainConstraints>false</useDomainConstraints>
<use>1</use>
<logicalDatatype>LOGDT007</logicalDatatype>
<autoIncrementCycle>false</autoIncrementCycle>
</Column>
<Column name="status" id="14E13479-F7A3-06D7-B613-E455C7CBD290">
<createdBy>ailae</createdBy>
<createdTime>2015-04-22 19:12:24 UTC</createdTime>
<generatorID>2301329A-6DFE-BBA4-E286-DA60A09450DF</generatorID>
<ownerDesignName>DM_logical</ownerDesignName>
<nullsAllowed>true</nullsAllowed>
<useDomainConstraints>false</useDomainConstraints>
<use>1</use>
<logicalDatatype>LOGDT024</logicalDatatype>
<dataTypeSize>1</dataTypeSize>
<autoIncrementCycle>false</autoIncrementCycle>
</Column>
<Column name="status_eff_date" id="CD35F442-1949-F6D3-C731-7339F30F0C9E">
<createdBy>ailae</createdBy>
<createdTime>2015-04-22 19:12:24 UTC</createdTime>
<generatorID>F3BA652B-0590-3F41-1E42-7897A5032F83</generatorID>
<ownerDesignName>DM_logical</ownerDesignName>
<nullsAllowed>true</nullsAllowed>
<useDomainConstraints>false</useDomainConstraints>
<use>1</use>
<logicalDatatype>LOGDT007</logicalDatatype>
<autoIncrementCycle>false</autoIncrementCycle>
</Column>
</columns>
<indexes itemClass="oracle.dbtools.crest.model.design.relational.Index">
<ind_PK_UK id="06A59108-FB06-D185-13C1-1141A8172D79" name="Notice_Lists_PK">
<createdBy>ailae</createdBy>
<createdTime>2015-04-22 19:12:24 UTC</createdTime>
<generatorID>B405FFB3-580A-DF91-BFA5-F2D5358F6E73</generatorID>
<ownerDesignName>DM_logical</ownerDesignName>
<pk>true</pk>
<indexState>Primary Constraint</indexState>
<isSurrogateKey>false</isSurrogateKey>
<indexColumnUsage>
<colUsage columnID="FEF9A223-68DC-C3E2-D298-44D51A665CF5"/>
</indexColumnUsage>
</ind_PK_UK>
</indexes>
</Table>