<?xml version = '1.0' encoding = 'UTF-8'?>
<Table class="oracle.dbtools.crest.model.design.relational.Table" directorySegmentName="seg_0" id="8D28377F-537B-3C28-BD1D-BB78567BF7B7" name="Active_Employees">
<createdBy>ailae</createdBy>
<createdTime>2015-04-22 19:12:24 UTC</createdTime>
<generatorID>F7CC1D94-5DC9-FC9B-6CDA-E1B376F9A681</generatorID>
<ownerDesignName>DM_logical</ownerDesignName>
<allowColumnReorder>false</allowColumnReorder>
<existDependencyGenerateInDDl>true</existDependencyGenerateInDDl>
<columns itemClass="oracle.dbtools.crest.model.design.relational.Column">
<Column name="employee_id" id="37D6DB70-D849-81F2-BA7F-DBDCDEEA005E">
<createdBy>ailae</createdBy>
<createdTime>2015-04-22 19:12:24 UTC</createdTime>
<generatorID>A1A89656-A34C-0D70-B80C-347ED1AA9C5C</generatorID>
<ownerDesignName>DM_logical</ownerDesignName>
<useDomainConstraints>false</useDomainConstraints>
<use>1</use>
<logicalDatatype>LOGDT011</logicalDatatype>
<autoIncrementCycle>false</autoIncrementCycle>
</Column>
<Column name="name" id="2390939F-E89A-2FDA-382C-FA904DC8AC68">
<createdBy>ailae</createdBy>
<createdTime>2015-04-22 19:12:24 UTC</createdTime>
<generatorID>2642C1C3-3CFB-BE46-8C51-CD280196B8D7</generatorID>
<ownerDesignName>DM_logical</ownerDesignName>
<nullsAllowed>true</nullsAllowed>
<useDomainConstraints>false</useDomainConstraints>
<use>1</use>
<logicalDatatype>LOGDT024</logicalDatatype>
<dataTypeSize>30</dataTypeSize>
<autoIncrementCycle>false</autoIncrementCycle>
</Column>
<Column name="lab" id="192536DD-1A79-6ACF-4290-87F39C90113A">
<createdBy>ailae</createdBy>
<createdTime>2015-04-22 19:12:24 UTC</createdTime>
<generatorID>BDE1DBA9-8A30-133D-562E-EE3D1B0B0BA6</generatorID>
<ownerDesignName>DM_logical</ownerDesignName>
<nullsAllowed>true</nullsAllowed>
<useDomainConstraints>false</useDomainConstraints>
<use>1</use>
<logicalDatatype>LOGDT024</logicalDatatype>
<dataTypeSize>4</dataTypeSize>
<autoIncrementCycle>false</autoIncrementCycle>
</Column>
<Column name="division" id="560497CB-AEA1-7DDA-E319-977E93881706">
<createdBy>ailae</createdBy>
<createdTime>2015-04-22 19:12:24 UTC</createdTime>
<generatorID>4D7A36AB-3F97-330F-F578-09312728B86C</generatorID>
<ownerDesignName>DM_logical</ownerDesignName>
<nullsAllowed>true</nullsAllowed>
<useDomainConstraints>false</useDomainConstraints>
<use>1</use>
<logicalDatatype>LOGDT024</logicalDatatype>
<dataTypeSize>4</dataTypeSize>
<autoIncrementCycle>false</autoIncrementCycle>
</Column>
<Column name="status" id="94DA43FD-5D3A-895D-CD5C-04F02F98B011">
<createdBy>ailae</createdBy>
<createdTime>2015-04-22 19:12:24 UTC</createdTime>
<generatorID>C1FD5460-B418-DA53-E46D-0532F1D6FB9C</generatorID>
<ownerDesignName>DM_logical</ownerDesignName>
<nullsAllowed>true</nullsAllowed>
<useDomainConstraints>false</useDomainConstraints>
<use>1</use>
<logicalDatatype>LOGDT024</logicalDatatype>
<dataTypeSize>1</dataTypeSize>
<autoIncrementCycle>false</autoIncrementCycle>
</Column>
<Column name="status_eff_date" id="CDFB5E88-0C89-0702-9CF4-AC21F8681FDB">
<createdBy>ailae</createdBy>
<createdTime>2015-04-22 19:12:24 UTC</createdTime>
<generatorID>1EE647E1-DC78-05A5-6DD0-571CCC92DB07</generatorID>
<ownerDesignName>DM_logical</ownerDesignName>
<nullsAllowed>true</nullsAllowed>
<useDomainConstraints>false</useDomainConstraints>
<use>1</use>
<logicalDatatype>LOGDT007</logicalDatatype>
<autoIncrementCycle>false</autoIncrementCycle>
</Column>
<Column name="admin" id="BF2F15CF-504E-8400-EEED-B09E7721B1BF">
<createdBy>ailae</createdBy>
<createdTime>2015-04-22 19:12:24 UTC</createdTime>
<generatorID>84043846-5794-0C71-D0E6-4C9F8460E1C5</generatorID>
<ownerDesignName>DM_logical</ownerDesignName>
<nullsAllowed>true</nullsAllowed>
<useDomainConstraints>false</useDomainConstraints>
<use>1</use>
<logicalDatatype>LOGDT006</logicalDatatype>
<autoIncrementCycle>false</autoIncrementCycle>
</Column>
<Column name="network_account_id" id="5BDE1D71-9019-802E-9D89-9CC22749ADB7">
<createdBy>ailae</createdBy>
<createdTime>2015-04-22 19:12:24 UTC</createdTime>
<generatorID>82DDDCE6-DA3B-52D5-98C5-32490612FDAB</generatorID>
<ownerDesignName>DM_logical</ownerDesignName>
<nullsAllowed>true</nullsAllowed>
<useDomainConstraints>false</useDomainConstraints>
<use>1</use>
<logicalDatatype>LOGDT011</logicalDatatype>
<autoIncrementCycle>false</autoIncrementCycle>
</Column>
</columns>
<indexes itemClass="oracle.dbtools.crest.model.design.relational.Index">
<ind_PK_UK id="06908C6C-C534-EA6F-2781-3996AC53EDC2" name="Active_Employees_PK">
<createdBy>ailae</createdBy>
<createdTime>2015-04-22 19:12:24 UTC</createdTime>
<generatorID>40D9D29A-23FF-9EB1-DB55-40B90BB0091B</generatorID>
<ownerDesignName>DM_logical</ownerDesignName>
<pk>true</pk>
<indexState>Primary Constraint</indexState>
<isSurrogateKey>false</isSurrogateKey>
<indexColumnUsage>
<colUsage columnID="37D6DB70-D849-81F2-BA7F-DBDCDEEA005E"/>
</indexColumnUsage>
</ind_PK_UK>
</indexes>
</Table>