<?xml version = '1.0' encoding = 'UTF-8'?>
<Diagram class="oracle.dbtools.crest.swingui.relational.DPVRelational" name="Relational_1" id="1BF3FB18-3889-A944-9DA9-EC913C156146">
<createdBy>ailae</createdBy>
<createdTime>2015-04-22 19:12:24 UTC</createdTime>
<autoRoute>false</autoRoute>
<boxInbox>true</boxInbox>
<showLegend>false</showLegend>
<showLabels>false</showLabels>
<showRelAttributes>false</showRelAttributes>
<showGrid>false</showGrid>
<diagramColor>-1</diagramColor>
<display>false</display>
<notation>1</notation>
<objectViews>
<OView class="oracle.dbtools.crest.swingui.relational.TVTable" oid="04C2B46A-C2CE-A36A-F34E-FC51F85EA7F0" otype="Table" vid="3C985014-0C33-E70A-DD9B-8B2AB0DEAC4F">
<hideElementsInCurrentOnly>false</hideElementsInCurrentOnly>
<bounds x="439" y="297" width="294" height="211"/>
</OView>
<OView class="oracle.dbtools.crest.swingui.relational.TVTable" oid="45D6FF1E-55C4-6C21-9771-7C2B348162CE" otype="Table" vid="E984ABD4-24F4-D794-79B9-2B4B8EB2E4A5">
<hideElementsInCurrentOnly>false</hideElementsInCurrentOnly>
<bounds x="91" y="341" width="275" height="162"/>
</OView>
<OView class="oracle.dbtools.crest.swingui.relational.TVTable" oid="728A65D5-92FD-521F-E069-77D51F4AB8B4" otype="Table" vid="4ECC95E1-EFDE-98CE-E2D3-2732520EA7A0">
<hideElementsInCurrentOnly>false</hideElementsInCurrentOnly>
<bounds x="311" y="89" width="242" height="176"/>
</OView>
<OView class="oracle.dbtools.crest.swingui.relational.TVTable" oid="8D28377F-537B-3C28-BD1D-BB78567BF7B7" otype="Table" vid="6C19736B-8BDE-B2B7-4BF9-4348258F7062">
<hideElementsInCurrentOnly>false</hideElementsInCurrentOnly>
<bounds x="36" y="101" width="201" height="152"/>
</OView>
</objectViews>
<connectors>
<Connector class="oracle.dbtools.crest.swingui.relational.TVFKRelation" oid="8ABFF791-07AE-4566-3D36-89042E90FDFC" otype="FKIndexAssociation" vid_source="E984ABD4-24F4-D794-79B9-2B4B8EB2E4A5" vid_target="3C985014-0C33-E70A-DD9B-8B2AB0DEAC4F">
<hideElementsInCurrentOnly>false</hideElementsInCurrentOnly>
<lineWidth>1</lineWidth>
<points>
<point x="366" y="422"/>
<point x="439" y="422"/>
</points>
</Connector>
<Connector class="oracle.dbtools.crest.swingui.relational.TVFKRelation" oid="AB3D0365-55FF-B554-613B-0E2C20597F91" otype="FKIndexAssociation" vid_source="4ECC95E1-EFDE-98CE-E2D3-2732520EA7A0" vid_target="E984ABD4-24F4-D794-79B9-2B4B8EB2E4A5">
<hideElementsInCurrentOnly>false</hideElementsInCurrentOnly>
<lineWidth>1</lineWidth>
<points>
<point x="348" y="265"/>
<point x="348" y="341"/>
</points>
</Connector>
<Connector class="oracle.dbtools.crest.swingui.relational.TVFKRelation" oid="C7B4EE02-A227-E7F0-4A55-75699D8D5B76" otype="FKIndexAssociation" vid_source="6C19736B-8BDE-B2B7-4BF9-4348258F7062" vid_target="E984ABD4-24F4-D794-79B9-2B4B8EB2E4A5">
<hideElementsInCurrentOnly>false</hideElementsInCurrentOnly>
<lineWidth>1</lineWidth>
<points>
<point x="164" y="253"/>
<point x="164" y="341"/>
</points>
</Connector>
</connectors>
</Diagram>