<?xml version = '1.0' encoding = 'UTF-8'?>
<FKIndexAssociation class="oracle.dbtools.crest.model.design.relational.FKIndexAssociation" directorySegmentName="seg_0" id="8ABFF791-07AE-4566-3D36-89042E90FDFC" name="Document_NL_Members_FK">
<createdBy>ailae</createdBy>
<createdTime>2015-04-22 19:12:24 UTC</createdTime>
<generatorID>77A255D1-B82D-B022-54EA-47CE0A321F0E</generatorID>
<ownerDesignName>DM_logical</ownerDesignName>
<containerWithKeyObject>04C2B46A-C2CE-A36A-F34E-FC51F85EA7F0</containerWithKeyObject>
<deleteRule>NO ACTION</deleteRule>
<localFKIndex>3B61F5B6-3B5E-1DD1-FFBE-BB7E433FE273</localFKIndex>
<keyObject>97FB6646-3089-14F6-85C2-4CAEACD717A8</keyObject>
<mandatory>false</mandatory>
<transferable>true</transferable>
<columnDependencyConstraintGenerateInDDL>true</columnDependencyConstraintGenerateInDDL>
</FKIndexAssociation>