<?xml version = '1.0' encoding = 'UTF-8'?>
<FKIndexAssociation class="oracle.dbtools.crest.model.design.relational.FKIndexAssociation" directorySegmentName="seg_0" id="AB3D0365-55FF-B554-613B-0E2C20597F91" name="NL_Members_Notice_Lists_FK">
<createdBy>ailae</createdBy>
<createdTime>2015-04-22 19:12:24 UTC</createdTime>
<generatorID>0B44E3B0-A66A-2A27-DE92-C70E65CF6D00</generatorID>
<ownerDesignName>DM_logical</ownerDesignName>
<containerWithKeyObject>45D6FF1E-55C4-6C21-9771-7C2B348162CE</containerWithKeyObject>
<deleteRule>NO ACTION</deleteRule>
<localFKIndex>85CDBD7C-D3CD-128E-4634-8DCE22BDCB4F</localFKIndex>
<keyObject>06A59108-FB06-D185-13C1-1141A8172D79</keyObject>
<mandatory>false</mandatory>
<transferable>true</transferable>
<columnDependencyConstraintGenerateInDDL>true</columnDependencyConstraintGenerateInDDL>
</FKIndexAssociation>