<?xml version = '1.0' encoding = 'UTF-8'?>
<FKIndexAssociation class="oracle.dbtools.crest.model.design.relational.FKIndexAssociation" directorySegmentName="seg_0" id="C7B4EE02-A227-E7F0-4A55-75699D8D5B76" name="NL_Members_Active_Employees_FK">
<createdBy>ailae</createdBy>
<createdTime>2015-04-22 19:12:24 UTC</createdTime>
<generatorID>68E87714-A658-096B-5752-108EA6C07EF2</generatorID>
<ownerDesignName>DM_logical</ownerDesignName>
<containerWithKeyObject>45D6FF1E-55C4-6C21-9771-7C2B348162CE</containerWithKeyObject>
<deleteRule>NO ACTION</deleteRule>
<localFKIndex>0D38E711-E8C7-9EA5-8F91-C6C92D6B12A9</localFKIndex>
<keyObject>06908C6C-C534-EA6F-2781-3996AC53EDC2</keyObject>
<mandatory>false</mandatory>
<transferable>true</transferable>
<columnDependencyConstraintGenerateInDDL>true</columnDependencyConstraintGenerateInDDL>
</FKIndexAssociation>