<?xml version = '1.0' encoding = 'UTF-8'?>
<Relation class="oracle.dbtools.crest.model.design.logical.Relation" name="r1" directorySegmentName="seg_0" id="0B44E3B0-A66A-2A27-DE92-C70E65CF6D00">
<createdBy>ailae</createdBy>
<createdTime>2015-04-21 21:32:18 UTC</createdTime>
<ownerDesignName>DM_logical</ownerDesignName>
<engineerTo>
<item key="E049BB96-11D6-9EF0-1E31-A099369980BE" value="true"/>
</engineerTo>
<sourcePk>B405FFB3-580A-DF91-BFA5-F2D5358F6E73</sourcePk>
<identifying>false</identifying>
<optionalSource>true</optionalSource>
<optionalTarget>true</optionalTarget>
<sourceCardinality>1</sourceCardinality>
<sourceEntity>6C61E913-A268-8D92-EA60-6507EBED41BF</sourceEntity>
<targetCardinalityString>*</targetCardinalityString>
<targetEntity>FE20D55C-F0BB-6C1A-8AD9-261488E746EB</targetEntity>
<transferable>true</transferable>
<deleteRule>NO ACTION</deleteRule>
</Relation>