<?xml version = '1.0' encoding = 'UTF-8'?>
<Relation class="oracle.dbtools.crest.model.design.logical.Relation" name="r2" directorySegmentName="seg_0" id="68E87714-A658-096B-5752-108EA6C07EF2">
<createdBy>ailae</createdBy>
<createdTime>2015-04-21 21:32:29 UTC</createdTime>
<ownerDesignName>DM_logical</ownerDesignName>
<engineerTo>
<item key="E049BB96-11D6-9EF0-1E31-A099369980BE" value="true"/>
</engineerTo>
<sourcePk>40D9D29A-23FF-9EB1-DB55-40B90BB0091B</sourcePk>
<identifying>false</identifying>
<optionalSource>true</optionalSource>
<optionalTarget>true</optionalTarget>
<sourceCardinality>1</sourceCardinality>
<sourceEntity>F7CC1D94-5DC9-FC9B-6CDA-E1B376F9A681</sourceEntity>
<targetCardinalityString>*</targetCardinalityString>
<targetEntity>FE20D55C-F0BB-6C1A-8AD9-261488E746EB</targetEntity>
<transferable>true</transferable>
<deleteRule>NO ACTION</deleteRule>
</Relation>