<?xml version = '1.0' encoding = 'UTF-8'?>
<Relation class="oracle.dbtools.crest.model.design.logical.Relation" name="r3" directorySegmentName="seg_0" id="77A255D1-B82D-B022-54EA-47CE0A321F0E">
<createdBy>ailae</createdBy>
<createdTime>2015-04-22 19:00:29 UTC</createdTime>
<ownerDesignName>DM_logical</ownerDesignName>
<engineerTo>
<item key="E049BB96-11D6-9EF0-1E31-A099369980BE" value="true"/>
</engineerTo>
<sourcePk>C1B3194D-1CE6-ABDD-00DE-90C3147854F3</sourcePk>
<identifying>false</identifying>
<optionalSource>true</optionalSource>
<optionalTarget>true</optionalTarget>
<sourceCardinality>1</sourceCardinality>
<sourceEntity>FE20D55C-F0BB-6C1A-8AD9-261488E746EB</sourceEntity>
<targetCardinalityString>*</targetCardinalityString>
<targetEntity>3DD5EB4B-0477-FDE9-5D40-D1F5A0EB8D94</targetEntity>
<transferable>true</transferable>
<deleteRule>NO ACTION</deleteRule>
</Relation>