<?xml version = '1.0' encoding = 'UTF-8'?>
<Diagram class="oracle.dbtools.crest.swingui.logical.DPVLogical" name="Logical" id="8848A2E9-D9D9-5312-ADAB-348A9C24C125">
<createdBy>ailae</createdBy>
<createdTime>2015-04-21 21:13:54 UTC</createdTime>
<autoRoute>false</autoRoute>
<boxInbox>true</boxInbox>
<showLegend>false</showLegend>
<showLabels>false</showLabels>
<showRelAttributes>false</showRelAttributes>
<showGrid>false</showGrid>
<diagramColor>-1</diagramColor>
<display>false</display>
<notation>2</notation>
<objectViews>
<OView class="oracle.dbtools.crest.swingui.logical.TVEntity" oid="3DD5EB4B-0477-FDE9-5D40-D1F5A0EB8D94" otype="Entity" vid="5CC2E29D-F4D1-6B36-DE06-5ABD7635F620">
<hideElementsInCurrentOnly>false</hideElementsInCurrentOnly>
<bounds x="439" y="297" width="227" height="155"/>
</OView>
<OView class="oracle.dbtools.crest.swingui.logical.TVEntity" oid="6C61E913-A268-8D92-EA60-6507EBED41BF" otype="Entity" vid="FF15713A-0057-4724-CDE7-7E4CC177C4A7">
<hideElementsInCurrentOnly>false</hideElementsInCurrentOnly>
<bounds x="311" y="89" width="242" height="176"/>
</OView>
<OView class="oracle.dbtools.crest.swingui.logical.TVEntity" oid="F7CC1D94-5DC9-FC9B-6CDA-E1B376F9A681" otype="Entity" vid="6978D8A7-E1D3-474D-8E93-4FC819970EB6">
<hideElementsInCurrentOnly>false</hideElementsInCurrentOnly>
<bounds x="36" y="101" width="224" height="152"/>
</OView>
<OView class="oracle.dbtools.crest.swingui.logical.TVEntity" oid="FE20D55C-F0BB-6C1A-8AD9-261488E746EB" otype="Entity" vid="E09CF5A0-9835-5D4A-4187-293868CB9887">
<hideElementsInCurrentOnly>false</hideElementsInCurrentOnly>
<bounds x="196" y="341" width="170" height="123"/>
</OView>
</objectViews>
<connectors>
<Connector class="oracle.dbtools.crest.swingui.logical.TVRelation" oid="0B44E3B0-A66A-2A27-DE92-C70E65CF6D00" otype="Relation" vid_source="FF15713A-0057-4724-CDE7-7E4CC177C4A7" vid_target="E09CF5A0-9835-5D4A-4187-293868CB9887">
<hideElementsInCurrentOnly>false</hideElementsInCurrentOnly>
<lineWidth>1</lineWidth>
<points>
<point x="338" y="265"/>
<point x="338" y="341"/>
</points>
</Connector>
<Connector class="oracle.dbtools.crest.swingui.logical.TVRelation" oid="68E87714-A658-096B-5752-108EA6C07EF2" otype="Relation" vid_source="6978D8A7-E1D3-474D-8E93-4FC819970EB6" vid_target="E09CF5A0-9835-5D4A-4187-293868CB9887">
<hideElementsInCurrentOnly>false</hideElementsInCurrentOnly>
<lineWidth>1</lineWidth>
<points>
<point x="228" y="253"/>
<point x="228" y="341"/>
</points>
</Connector>
<Connector class="oracle.dbtools.crest.swingui.logical.TVRelation" oid="77A255D1-B82D-B022-54EA-47CE0A321F0E" otype="Relation" vid_source="E09CF5A0-9835-5D4A-4187-293868CB9887" vid_target="5CC2E29D-F4D1-6B36-DE06-5ABD7635F620">
<hideElementsInCurrentOnly>false</hideElementsInCurrentOnly>
<lineWidth>1</lineWidth>
<points>
<point x="366" y="396"/>
<point x="439" y="396"/>
</points>
</Connector>
</connectors>
</Diagram>